x-axis,1
second,Volt
-6.597500E+00,
-6.588000E+00,-28.770E-03
-6.578500E+00,-12.014E-03
-6.569000E+00,-22.076E-03
-6.559500E+00,-23.744E-03
-6.550000E+00,-15.383E-03
-6.540500E+00,-5.301E-03
-6.531000E+00,-18.698E-03
-6.521500E+00,-23.744E-03
-6.512000E+00,-23.744E-03
-6.502500E+00,-8.699E-03
-6.493000E+00,-35.503E-03
-6.483500E+00,-22.106E-03
-6.474000E+00,-8.709E-03
-6.464500E+00,-3.643E-03
-6.455000E+00,-3.643E-03
-6.445500E+00,-23.744E-03
-6.436000E+00,-11.964E-03
-6.426500E+00,-6.878E-03
-6.417000E+00,-38.758E-03
-6.407500E+00,-3.643E-03
-6.398000E+00,-22.137E-03
-6.388500E+00,-23.744E-03
-6.379000E+00,-11.944E-03
-6.369500E+00,-23.744E-03
-6.360000E+00,-23.744E-03
-6.350500E+00,-23.744E-03
-6.341000E+00,-23.744E-03
-6.331500E+00,-23.744E-03
-6.322000E+00,-3.643E-03
-6.312500E+00,-22.167E-03
-6.303000E+00,-8.770E-03
-6.293500E+00,-23.744E-03
-6.284000E+00,-23.744E-03
-6.274500E+00,+1.493E-03
-6.265000E+00,-23.744E-03
-6.255500E+00,-3.643E-03
-6.246000E+00,-18.597E-03
-6.236500E+00,-15.493E-03
-6.227000E+00,-5.190E-03
-6.217500E+00,-18.587E-03
-6.208000E+00,-15.503E-03
-6.198500E+00,-5.180E-03
-6.189000E+00,-3.643E-03
-6.179500E+00,-23.744E-03
-6.170000E+00,-22.217E-03
-6.160500E+00,-23.744E-03
-6.151000E+00,-15.523E-03
-6.141500E+00,-5.160E-03
-6.132000E+00,-18.557E-03
-6.122500E+00,-11.853E-03
-6.113000E+00,-23.744E-03
-6.103500E+00,-23.744E-03
-6.094000E+00,-3.643E-03
-6.084500E+00,-25.240E-03
-6.075000E+00,-18.537E-03
-6.065500E+00,-23.744E-03
-6.056000E+00,-5.130E-03
-6.046500E+00,-38.627E-03
-6.037000E+00,-23.744E-03
-6.027500E+00,-3.643E-03
-6.018000E+00,-8.870E-03
-6.008500E+00,-23.744E-03
-5.999000E+00,-5.110E-03
-5.989500E+00,-23.744E-03
-5.980000E+00,-15.584E-03
-5.970500E+00,-25.200E-03
-5.961000E+00,-18.497E-03
-5.951500E+00,-11.793E-03
-5.942000E+00,-23.744E-03
-5.932500E+00,-18.486E-03
-5.923000E+00,-23.744E-03
-5.913500E+00,-22.307E-03
-5.904000E+00,-23.744E-03
-5.894500E+00,-23.744E-03
-5.885000E+00,-43.844E-03
-5.875500E+00,-23.744E-03
-5.866000E+00,-15.624E-03
-5.856500E+00,-23.744E-03
-5.847000E+00,-23.744E-03
-5.837500E+00,-35.735E-03
-5.828000E+00,-5.049E-03
-5.818500E+00,-23.744E-03
-5.809000E+00,-3.643E-03
-5.799500E+00,-5.039E-03
-5.790000E+00,-18.436E-03
-5.780500E+00,-23.744E-03
-5.771000E+00,-22.358E-03
-5.761500E+00,-23.744E-03
-5.752000E+00,-23.744E-03
-5.742500E+00,-23.744E-03
-5.733000E+00,-8.971E-03
-5.723500E+00,-23.744E-03
-5.714000E+00,-23.744E-03
-5.704500E+00,-23.744E-03
-5.695000E+00,-35.785E-03
-5.685500E+00,-23.744E-03
-5.676000E+00,-23.744E-03
-5.666500E+00,-11.693E-03
-5.657000E+00,-23.744E-03
-5.647500E+00,-23.744E-03
-5.638000E+00,-27.766E-03
-5.628500E+00,-23.744E-03
-5.619000E+00,-38.476E-03
-5.609500E+00,-23.744E-03
-5.600000E+00,-3.643E-03
-5.590500E+00,-23.744E-03
-5.581000E+00,-23.744E-03
-5.571500E+00,-3.643E-03
-5.562000E+00,-29.131E-03
-5.552500E+00,-31.753E-03
-5.543000E+00,-3.643E-03
-5.533500E+00,-23.744E-03
-5.524000E+00,-23.744E-03
-5.514500E+00,-22.448E-03
-5.505000E+00,-23.744E-03
-5.495500E+00,-19.621E-03
-5.486000E+00,-23.744E-03
-5.476500E+00,-23.744E-03
-5.467000E+00,-31.723E-03
-5.457500E+00,-23.744E-03
-5.448000E+00,-23.744E-03
-5.438500E+00,-3.643E-03
-5.429000E+00,-23.744E-03
-5.419500E+00,-23.744E-03
-5.410000E+00,-23.744E-03
-5.400500E+00,-3.643E-03
-5.391000E+00,-3.643E-03
-5.381500E+00,-11.592E-03
-5.372000E+00,-22.498E-03
-5.362500E+00,-23.744E-03
-5.353000E+00,-23.744E-03
-5.343500E+00,-42.609E-03
-5.334000E+00,-9.111E-03
-5.324500E+00,-15.815E-03
-5.315000E+00,-4.868E-03
-5.305500E+00,-9.121E-03
-5.296000E+00,-23.744E-03
-5.286500E+00,-23.744E-03
-5.277000E+00,-9.131E-03
-5.267500E+00,-15.835E-03
-5.258000E+00,-23.744E-03
-5.248500E+00,-23.744E-03
-5.239000E+00,-11.542E-03
-5.229500E+00,-4.838E-03
-5.220000E+00,-23.744E-03
-5.210500E+00,-15.855E-03
-5.201000E+00,-23.744E-03
-5.191500E+00,-18.225E-03
-5.182000E+00,-23.744E-03
-5.172500E+00,-4.818E-03
-5.163000E+00,-23.744E-03
-5.153500E+00,-19.380E-03
-5.144000E+00,-23.744E-03
-5.134500E+00,-3.643E-03
-5.125000E+00,-23.744E-03
-5.115500E+00,-4.798E-03
-5.106000E+00,-9.192E-03
-5.096500E+00,-11.492E-03
-5.087000E+00,-24.889E-03
-5.077500E+00,-23.744E-03
-5.068000E+00,-11.482E-03
-5.058500E+00,-23.744E-03
-5.049000E+00,-23.744E-03
-5.039500E+00,-23.744E-03
-5.030000E+00,-22.619E-03
-5.020500E+00,-23.744E-03
-5.011000E+00,-15.925E-03
-5.001500E+00,-23.744E-03
-4.992000E+00,-18.155E-03
-4.982500E+00,-23.744E-03
-4.973000E+00,-23.744E-03
-4.963500E+00,-23.744E-03
-4.954000E+00,-11.441E-03
-4.944500E+00,-22.649E-03
-4.935000E+00,-18.135E-03
-4.925500E+00,-23.744E-03
-4.916000E+00,-23.744E-03
-4.906500E+00,-3.643E-03
-4.897000E+00,-23.744E-03
-4.887500E+00,-4.718E-03
-4.878000E+00,-23.744E-03
-4.868500E+00,-23.744E-03
-4.859000E+00,-23.744E-03
-4.849500E+00,-18.105E-03
-4.840000E+00,-31.502E-03
-4.830500E+00,-4.698E-03
-4.821000E+00,-23.744E-03
-4.811500E+00,-15.996E-03
-4.802000E+00,-4.688E-03
-4.792500E+00,-23.744E-03
-4.783000E+00,-31.482E-03
-4.773500E+00,-22.709E-03
-4.764000E+00,-23.744E-03
-4.754500E+00,-23.744E-03
-4.745000E+00,-23.744E-03
-4.735500E+00,-23.744E-03
-4.726000E+00,-16.026E-03
-4.716500E+00,-23.744E-03
-4.707000E+00,-18.054E-03
-4.697500E+00,-23.744E-03
-4.688000E+00,-24.748E-03
-4.678500E+00,-9.343E-03
-4.669000E+00,-23.744E-03
-4.659500E+00,-23.744E-03
-4.650000E+00,-9.353E-03
-4.640500E+00,-23.744E-03
-4.631000E+00,-23.744E-03
-4.621500E+00,-18.024E-03
-4.612000E+00,-36.167E-03
-4.602500E+00,-23.744E-03
-4.593000E+00,-23.744E-03
-4.583500E+00,-23.744E-03
-4.574000E+00,-24.708E-03
-4.564500E+00,-23.744E-03
-4.555000E+00,-16.086E-03
-4.545500E+00,-23.744E-03
-4.536000E+00,-23.744E-03
-4.526500E+00,-16.096E-03
-4.517000E+00,-23.744E-03
-4.507500E+00,-9.403E-03
-4.498000E+00,-11.281E-03
-4.488500E+00,-42.910E-03
-4.479000E+00,-23.744E-03
-4.469500E+00,-31.371E-03
-4.460000E+00,-23.744E-03
-4.450500E+00,-23.744E-03
-4.441000E+00,+3.974E-03
-4.431500E+00,-22.830E-03
-4.422000E+00,-23.744E-03
-4.412500E+00,-31.351E-03
-4.403000E+00,-23.744E-03
-4.393500E+00,-23.744E-03
-4.384000E+00,-11.240E-03
-4.374500E+00,-4.537E-03
-4.365000E+00,-23.744E-03
-4.355500E+00,-23.744E-03
-4.346000E+00,-42.961E-03
-4.336500E+00,-9.463E-03
-4.327000E+00,-23.744E-03
-4.317500E+00,-4.517E-03
-4.308000E+00,-23.744E-03
-4.298500E+00,-16.177E-03
-4.289000E+00,-4.507E-03
-4.279500E+00,-29.584E-03
-4.270000E+00,-16.187E-03
-4.260500E+00,-23.744E-03
-4.251000E+00,-23.744E-03
-4.241500E+00,-23.744E-03
-4.232000E+00,-23.744E-03
-4.222500E+00,-17.884E-03
-4.213000E+00,-23.744E-03
-4.203500E+00,-43.011E-03
-4.194000E+00,-17.874E-03
-4.184500E+00,-23.744E-03
-4.175000E+00,-23.744E-03
-4.165500E+00,-23.744E-03
-4.156000E+00,-16.227E-03
-4.146500E+00,-23.744E-03
-4.137000E+00,-23.744E-03
-4.127500E+00,-23.744E-03
-4.118000E+00,-23.744E-03
-4.108500E+00,-17.843E-03
-4.099000E+00,-16.247E-03
-4.089500E+00,-22.951E-03
-4.080000E+00,-17.833E-03
-4.070500E+00,-36.358E-03
-4.061000E+00,-22.961E-03
-4.051500E+00,-9.564E-03
-4.042000E+00,-3.643E-03
-4.032500E+00,-4.416E-03
-4.023000E+00,-9.574E-03
-4.013500E+00,-16.277E-03
-4.004000E+00,-22.981E-03
-3.994500E+00,-23.744E-03
-3.985000E+00,-18.556E-03
-3.975500E+00,-23.744E-03
-3.966000E+00,-9.594E-03
-3.956500E+00,-3.643E-03
-3.947000E+00,-23.744E-03
-3.937500E+00,-3.643E-03
-3.928000E+00,-23.744E-03
-3.918500E+00,-23.744E-03
-3.909000E+00,-3.643E-03
-3.899500E+00,-11.070E-03
-3.890000E+00,-4.366E-03
-3.880500E+00,-15.605E-03
-3.871000E+00,-18.476E-03
-3.861500E+00,-23.031E-03
-3.852000E+00,-23.744E-03
-3.842500E+00,-16.337E-03
-3.833000E+00,-23.041E-03
-3.823500E+00,-3.643E-03
-3.814000E+00,-3.643E-03
-3.804500E+00,-4.336E-03
-3.795000E+00,-15.665E-03
-3.785500E+00,-3.643E-03
-3.776000E+00,-23.061E-03
-3.766500E+00,-17.723E-03
-3.757000E+00,-11.019E-03
-3.747500E+00,-3.643E-03
-3.738000E+00,-17.713E-03
-3.728500E+00,-16.378E-03
-3.719000E+00,-22.419E-03
-3.709500E+00,-23.744E-03
-3.700000E+00,-10.999E-03
-3.690500E+00,-23.744E-03
-3.681000E+00,-9.694E-03
-3.671500E+00,-10.989E-03
-3.662000E+00,-3.643E-03
-3.652500E+00,-23.744E-03
-3.643000E+00,-23.744E-03
-3.633500E+00,-23.744E-03
-3.624000E+00,-23.744E-03
-3.614500E+00,-16.418E-03
-3.605000E+00,-4.266E-03
-3.595500E+00,-17.662E-03
-3.586000E+00,-23.744E-03
-3.576500E+00,-4.255E-03
-3.567000E+00,-17.652E-03
-3.557500E+00,-16.438E-03
-3.548000E+00,-42.640E-03
-3.538500E+00,-23.744E-03
-3.529000E+00,-23.744E-03
-3.519500E+00,-23.744E-03
-3.510000E+00,-23.744E-03
-3.500500E+00,-10.929E-03
-3.491000E+00,-23.744E-03
-3.481500E+00,-23.744E-03
-3.472000E+00,-43.844E-03
-3.462500E+00,-23.744E-03
-3.453000E+00,-23.744E-03
-3.443500E+00,-31.009E-03
-3.434000E+00,-43.282E-03
-3.424500E+00,-23.744E-03
-3.415000E+00,-10.899E-03
-3.405500E+00,-43.292E-03
-3.396000E+00,-23.744E-03
-3.386500E+00,-23.744E-03
-3.377000E+00,-23.202E-03
-3.367500E+00,-23.744E-03
-3.358000E+00,-23.744E-03
-3.348500E+00,-23.744E-03
-3.339000E+00,-23.744E-03
-3.329500E+00,-16.518E-03
-3.320000E+00,-23.744E-03
-3.310500E+00,-9.825E-03
-3.301000E+00,-10.858E-03
-3.291500E+00,-4.155E-03
-3.282000E+00,-23.744E-03
-3.272500E+00,-3.643E-03
-3.263000E+00,-23.744E-03
-3.253500E+00,-29.945E-03
-3.244000E+00,-23.744E-03
-3.234500E+00,-4.135E-03
-3.225000E+00,-9.855E-03
-3.215500E+00,-10.828E-03
-3.206000E+00,-22.780E-03
-3.196500E+00,-23.744E-03
-3.187000E+00,-23.744E-03
-3.177500E+00,-23.272E-03
-3.168000E+00,-17.512E-03
-3.158500E+00,-10.808E-03
-3.149000E+00,-4.105E-03
-3.139500E+00,-23.744E-03
-3.130000E+00,-23.744E-03
-3.120500E+00,-4.095E-03
-3.111000E+00,-23.744E-03
-3.101500E+00,-23.744E-03
-3.092000E+00,-23.744E-03
-3.082500E+00,-9.905E-03
-3.073000E+00,-3.643E-03
-3.063500E+00,-23.744E-03
-3.054000E+00,-9.915E-03
-3.044500E+00,-29.594E-03
-3.035000E+00,-4.486E-03
-3.025500E+00,-37.562E-03
-3.016000E+00,-30.858E-03
-3.006500E+00,-23.744E-03
-2.997000E+00,-11.159E-03
-2.987500E+00,+3.462E-03
-2.978000E+00,-4.044E-03
-2.968500E+00,-9.945E-03
-2.959000E+00,-10.738E-03
-2.949500E+00,-23.744E-03
-2.940000E+00,-9.955E-03
-2.930500E+00,-36.760E-03
-2.921000E+00,-3.643E-03
-2.911500E+00,-9.966E-03
-2.902000E+00,-30.818E-03
-2.892500E+00,-4.014E-03
-2.883000E+00,-17.411E-03
-2.873500E+00,-16.679E-03
-2.864000E+00,-4.004E-03
-2.854500E+00,-9.986E-03
-2.845000E+00,-23.744E-03
-2.835500E+00,-23.744E-03
-2.826000E+00,-23.744E-03
-2.816500E+00,-10.688E-03
-2.807000E+00,-23.744E-03
-2.797500E+00,-23.744E-03
-2.788000E+00,-16.709E-03
-2.778500E+00,-23.413E-03
-2.769000E+00,-30.116E-03
-2.759500E+00,-23.744E-03
-2.750000E+00,-23.744E-03
-2.740500E+00,-17.361E-03
-2.731000E+00,-23.744E-03
-2.721500E+00,-3.954E-03
-2.712000E+00,-10.036E-03
-2.702500E+00,-3.643E-03
-2.693000E+00,-3.944E-03
-2.683500E+00,-10.046E-03
-2.674000E+00,-16.749E-03
-2.664500E+00,+16.167E-03
-2.655000E+00,-10.056E-03
-2.645500E+00,-23.744E-03
-2.636000E+00,-3.924E-03
-2.626500E+00,-23.744E-03
-2.617000E+00,-10.617E-03
-2.607500E+00,-23.473E-03
-2.598000E+00,-23.744E-03
-2.588500E+00,-36.880E-03
-2.579000E+00,-23.744E-03
-2.569500E+00,-17.301E-03
-2.560000E+00,-10.597E-03
-2.550500E+00,-23.744E-03
-2.541000E+00,-23.744E-03
-2.531500E+00,-3.643E-03
-2.522000E+00,-3.884E-03
-2.512500E+00,-16.569E-03
-2.503000E+00,-23.744E-03
-2.493500E+00,-23.744E-03
-2.484000E+00,-30.217E-03
-2.474500E+00,-23.744E-03
-2.465000E+00,-23.523E-03
-2.455500E+00,-10.126E-03
-2.446000E+00,-23.744E-03
-2.436500E+00,-23.744E-03
-2.427000E+00,-23.744E-03
-2.417500E+00,-10.547E-03
-2.408000E+00,-3.643E-03
-2.398500E+00,-23.744E-03
-2.389000E+00,-16.850E-03
-2.379500E+00,-3.833E-03
-2.370000E+00,-3.643E-03
-2.360500E+00,-23.744E-03
-2.351000E+00,-23.564E-03
-2.341500E+00,-23.744E-03
-2.332000E+00,-23.744E-03
-2.322500E+00,-3.983E-03
-2.313000E+00,-23.744E-03
-2.303500E+00,-30.607E-03
-2.294000E+00,-23.744E-03
-2.284500E+00,-10.187E-03
-2.275000E+00,-23.744E-03
-2.265500E+00,-43.694E-03
-2.256000E+00,-30.297E-03
-2.246500E+00,-10.487E-03
-2.237000E+00,-3.643E-03
-2.227500E+00,-17.180E-03
-2.218000E+00,-37.011E-03
-2.208500E+00,-43.844E-03
-2.199000E+00,-10.217E-03
-2.189500E+00,-23.744E-03
-2.180000E+00,-3.763E-03
-2.170500E+00,-17.160E-03
-2.161000E+00,-23.744E-03
-2.151500E+00,-23.744E-03
-2.142000E+00,-23.744E-03
-2.132500E+00,-37.041E-03
-2.123000E+00,-23.744E-03
-2.113500E+00,-23.744E-03
-2.104000E+00,-3.643E-03
-2.094500E+00,-3.643E-03
-2.085000E+00,-23.744E-03
-2.075500E+00,-10.426E-03
-2.066000E+00,-23.744E-03
-2.056500E+00,-17.120E-03
-2.047000E+00,-23.744E-03
-2.037500E+00,-3.713E-03
-2.028000E+00,-23.744E-03
-2.018500E+00,-3.643E-03
-2.009000E+00,-3.703E-03
-1.999500E+00,-23.744E-03
-1.990000E+00,-10.396E-03
-1.980500E+00,-23.744E-03
-1.971000E+00,-10.297E-03
-1.961500E+00,-23.744E-03
-1.952000E+00,-3.722E-03
-1.942500E+00,-3.643E-03
-1.933000E+00,-3.643E-03
-1.923500E+00,-3.643E-03
-1.914000E+00,-10.317E-03
-1.904500E+00,-23.744E-03
-1.895000E+00,-3.663E-03
-1.885500E+00,-23.744E-03
-1.876000E+00,-23.744E-03
-1.866500E+00,-3.653E-03
-1.857000E+00,-23.744E-03
-1.847500E+00,-23.744E-03
-1.838000E+00,-23.744E-03
-1.828500E+00,-17.039E-03
-1.819000E+00,-10.336E-03
-1.809500E+00,-3.643E-03
-1.800000E+00,+3.029E-03
-1.790500E+00,-10.326E-03
-1.781000E+00,-23.744E-03
-1.771500E+00,-17.019E-03
-1.762000E+00,-23.744E-03
-1.752500E+00,-3.674E-03
-1.743000E+00,-17.112E-03
-1.733500E+00,-23.744E-03
-1.724000E+00,-23.744E-03
-1.714500E+00,-30.488E-03
-1.705000E+00,-23.744E-03
-1.695500E+00,-3.694E-03
-1.686000E+00,-23.744E-03
-1.676500E+00,-10.286E-03
-1.667000E+00,-23.744E-03
-1.657500E+00,-23.744E-03
-1.648000E+00,-17.111E-03
-1.638500E+00,-23.744E-03
-1.629000E+00,-10.418E-03
-1.619500E+00,-30.366E-03
-1.610000E+00,-3.724E-03
-1.600500E+00,-23.744E-03
-1.591000E+00,-17.131E-03
-1.581500E+00,-3.734E-03
-1.572000E+00,-16.949E-03
-1.562500E+00,-37.242E-03
-1.553000E+00,-23.642E-03
-1.543500E+00,-3.643E-03
-1.534000E+00,-17.151E-03
-1.524500E+00,-23.632E-03
-1.515000E+00,-37.029E-03
-1.505500E+00,-17.161E-03
-1.496000E+00,-23.744E-03
-1.486500E+00,-23.744E-03
-1.477000E+00,-23.744E-03
-1.467500E+00,-43.713E-03
-1.458000E+00,-16.909E-03
-1.448500E+00,-37.282E-03
-1.439000E+00,-23.744E-03
-1.429500E+00,-10.488E-03
-1.420000E+00,-23.744E-03
-1.410500E+00,-23.895E-03
-1.401000E+00,-23.744E-03
-1.391500E+00,-23.744E-03
-1.382000E+00,-3.805E-03
-1.372500E+00,-23.744E-03
-1.363000E+00,-17.212E-03
-1.353500E+00,-3.815E-03
-1.344000E+00,-16.869E-03
-1.334500E+00,-37.322E-03
-1.325000E+00,-3.825E-03
-1.315500E+00,-16.859E-03
-1.306000E+00,-17.232E-03
-1.296500E+00,-3.643E-03
-1.287000E+00,-23.744E-03
-1.277500E+00,-23.744E-03
-1.268000E+00,-23.744E-03
-1.258500E+00,-10.548E-03
-1.249000E+00,-17.252E-03
-1.239500E+00,-23.532E-03
-1.230000E+00,-23.744E-03
-1.220500E+00,-23.744E-03
-1.211000E+00,-23.522E-03
-1.201500E+00,-23.744E-03
-1.192000E+00,-37.372E-03
-1.182500E+00,-3.643E-03
-1.173000E+00,-23.744E-03
-1.163500E+00,-23.744E-03
-1.154000E+00,-23.502E-03
-1.144500E+00,-3.643E-03
-1.135000E+00,-10.095E-03
-1.125500E+00,-23.744E-03
-1.116000E+00,-16.788E-03
-1.106500E+00,-10.085E-03
-1.097000E+00,-43.582E-03
-1.087500E+00,-23.744E-03
-1.078000E+00,-10.075E-03
-1.068500E+00,-24.016E-03
-1.059000E+00,-23.744E-03
-1.049500E+00,-10.065E-03
-1.040000E+00,-23.744E-03
-1.030500E+00,-16.758E-03
-1.021000E+00,-10.055E-03
-1.011500E+00,-23.744E-03
-1.002000E+00,-16.748E-03
-992.500E-03,-10.045E-03
-983.000E-03,-23.744E-03
-973.500E-03,-10.649E-03
-964.000E-03,-3.643E-03
-954.500E-03,+15.833E-03
-945.000E-03,-36.828E-03
-935.500E-03,-31.082E-03
-926.000E-03,-23.421E-03
-916.500E-03,-16.718E-03
-907.000E-03,-37.473E-03
-897.500E-03,-23.744E-03
-888.000E-03,-16.708E-03
-878.500E-03,-3.643E-03
-869.000E-03,-3.643E-03
-859.500E-03,-30.790E-03
-850.000E-03,-9.994E-03
-840.500E-03,-23.391E-03
-831.000E-03,-3.643E-03
-821.500E-03,-23.744E-03
-812.000E-03,-4.006E-03
-802.500E-03,-23.744E-03
-793.000E-03,-9.974E-03
-783.500E-03,-23.744E-03
-774.000E-03,-16.668E-03
-764.500E-03,-3.643E-03
-755.000E-03,-3.643E-03
-745.500E-03,-16.658E-03
-736.000E-03,-23.744E-03
-726.500E-03,-4.428E-03
-717.000E-03,-16.648E-03
-707.500E-03,-23.744E-03
-698.000E-03,-23.744E-03
-688.500E-03,-16.637E-03
-679.000E-03,-17.453E-03
-669.500E-03,-4.056E-03
-660.000E-03,-10.759E-03
-650.500E-03,-23.744E-03
-641.000E-03,-4.066E-03
-631.500E-03,-10.769E-03
-622.000E-03,-23.744E-03
-612.500E-03,-23.311E-03
-603.000E-03,-23.744E-03
-593.500E-03,-23.744E-03
-584.000E-03,-4.086E-03
-574.500E-03,-23.744E-03
-565.000E-03,-37.594E-03
-555.500E-03,-4.096E-03
-546.000E-03,-23.744E-03
-536.500E-03,-23.744E-03
-527.000E-03,-4.106E-03
-517.500E-03,-23.744E-03
-508.000E-03,-17.513E-03
-498.500E-03,-23.271E-03
-489.000E-03,-23.744E-03
-479.500E-03,-23.744E-03
-470.000E-03,-23.744E-03
-460.500E-03,-23.744E-03
-451.000E-03,-9.854E-03
-441.500E-03,-42.858E-03
-432.000E-03,-10.840E-03
-422.500E-03,-23.744E-03
-413.000E-03,-23.744E-03
-403.500E-03,-3.643E-03
-394.000E-03,-17.553E-03
-384.500E-03,-23.230E-03
-375.000E-03,-16.527E-03
-365.500E-03,-23.744E-03
-356.000E-03,-3.643E-03
-346.500E-03,-16.517E-03
-337.000E-03,-23.744E-03
-327.500E-03,-23.744E-03
-318.000E-03,-18.117E-03
-308.500E-03,-23.744E-03
-299.000E-03,-23.744E-03
-289.500E-03,-30.991E-03
-280.000E-03,-23.744E-03
-270.500E-03,-23.744E-03
-261.000E-03,-16.487E-03
-251.500E-03,-23.744E-03
-242.000E-03,-23.744E-03
-232.500E-03,-16.477E-03
-223.000E-03,-17.614E-03
-213.500E-03,-4.217E-03
-204.000E-03,-23.744E-03
-194.500E-03,-23.744E-03
-185.000E-03,-23.744E-03
-175.500E-03,-16.457E-03
-166.000E-03,-23.744E-03
-156.500E-03,-4.237E-03
-147.000E-03,-23.744E-03
-137.500E-03,-17.644E-03
-128.000E-03,-23.744E-03
-118.500E-03,-23.744E-03
-109.000E-03,-23.744E-03
-99.500E-03,-4.257E-03
-90.000E-03,-23.744E-03
-80.500E-03,-9.723E-03
-71.000E-03,-4.267E-03
-61.500E-03,-10.970E-03
-52.000E-03,-23.744E-03
-42.500E-03,-23.744E-03
-33.000E-03,-3.643E-03
-23.500E-03,-37.785E-03
-14.000E-03,-23.744E-03
-4.500E-03,-23.744E-03
+5.000E-03,+2.301865E+00
+14.500E-03,+2.287814E+00
+24.000E-03,+2.287814E+00
+33.500E-03,+2.293854E+00
+43.000E-03,+2.288478E+00
+52.500E-03,+2.307915E+00
+62.000E-03,+2.307915E+00
+71.500E-03,+2.307915E+00
+81.000E-03,+2.302569E+00
+90.500E-03,+2.287814E+00
+100.000E-03,+2.288498E+00
+109.500E-03,+2.300527E+00
+119.000E-03,+2.287814E+00
+128.500E-03,+2.307915E+00
+138.000E-03,+2.295212E+00
+147.500E-03,+2.287814E+00
+157.000E-03,+2.287814E+00
+166.500E-03,+2.307915E+00
+176.000E-03,+2.301925E+00
+185.500E-03,+2.287814E+00
+195.000E-03,+2.315332E+00
+204.500E-03,+2.293793E+00
+214.000E-03,+2.307915E+00
+223.500E-03,+2.295242E+00
+233.000E-03,+2.287814E+00
+242.500E-03,+2.307915E+00
+252.000E-03,+2.287814E+00
+261.500E-03,+2.293773E+00
+271.000E-03,+2.288558E+00
+280.500E-03,+2.307915E+00
+290.000E-03,+2.307915E+00
+299.500E-03,+2.307160E+00
+309.000E-03,+2.287814E+00
+318.500E-03,+2.293753E+00
+328.000E-03,+2.287814E+00
+337.500E-03,+2.307915E+00
+347.000E-03,+2.307915E+00
+356.500E-03,+2.307140E+00
+366.000E-03,+2.307915E+00
+375.500E-03,+2.301996E+00
+385.000E-03,+2.307130E+00
+394.500E-03,+2.307915E+00
+404.000E-03,+2.287814E+00
+413.500E-03,+2.307120E+00
+423.000E-03,+2.295312E+00
+432.500E-03,+2.287814E+00
+442.000E-03,+2.287814E+00
+451.500E-03,+2.295322E+00
+461.000E-03,+2.313803E+00
+470.500E-03,+2.306285E+00
+480.000E-03,+2.307915E+00
+489.500E-03,+2.287814E+00
+499.000E-03,+2.288639E+00
+508.500E-03,+2.295342E+00
+518.000E-03,+2.307915E+00
+527.500E-03,+2.307080E+00
+537.000E-03,+2.307915E+00
+546.500E-03,+2.293673E+00
+556.000E-03,+2.307070E+00
+565.500E-03,+2.307915E+00
+575.000E-03,+2.307915E+00
+584.500E-03,+2.288669E+00
+594.000E-03,+2.300356E+00
+603.500E-03,+2.293653E+00
+613.000E-03,+2.287814E+00
+622.500E-03,+2.287814E+00
+632.000E-03,+2.302086E+00
+641.500E-03,+2.307040E+00
+651.000E-03,+2.307915E+00
+660.500E-03,+2.307915E+00
+670.000E-03,+2.288699E+00
+679.500E-03,+2.295403E+00
+689.000E-03,+2.299431E+00
+698.500E-03,+2.307915E+00
+708.000E-03,+2.300316E+00
+717.500E-03,+2.287814E+00
+727.000E-03,+2.268619E+00
+736.500E-03,+2.295423E+00
+746.000E-03,+2.287814E+00
+755.500E-03,+2.288729E+00
+765.000E-03,+2.295433E+00
+774.500E-03,+2.307915E+00
+784.000E-03,+2.307915E+00
+793.500E-03,+2.300286E+00
+803.000E-03,+2.302146E+00
+812.500E-03,+2.307915E+00
+822.000E-03,+2.312738E+00
+831.500E-03,+2.307915E+00
+841.000E-03,+2.288759E+00
+850.500E-03,+2.295463E+00
+860.000E-03,+2.293562E+00
+869.500E-03,+2.288769E+00
+879.000E-03,+2.295473E+00
+888.500E-03,+2.307915E+00
+898.000E-03,+2.306949E+00
+907.500E-03,+2.307915E+00
+917.000E-03,+2.293542E+00
+926.500E-03,+2.306939E+00
+936.000E-03,+2.287814E+00
+945.500E-03,+2.296479E+00
+955.000E-03,+2.308900E+00
+964.500E-03,+2.307915E+00
+974.000E-03,+2.287814E+00
+983.500E-03,+2.288810E+00
+993.000E-03,+2.295513E+00
+1.002500E+00,+2.307915E+00
+1.012000E+00,+2.306909E+00
+1.021500E+00,+2.300205E+00
+1.031000E+00,+2.302227E+00
+1.040500E+00,+2.307915E+00
+1.050000E+00,+2.295533E+00
+1.059500E+00,+2.307915E+00
+1.069000E+00,+2.308940E+00
+1.078500E+00,+2.300185E+00
+1.088000E+00,+2.307915E+00
+1.097500E+00,+2.306879E+00
+1.107000E+00,+2.287814E+00
+1.116500E+00,+2.307915E+00
+1.126000E+00,+2.287814E+00
+1.135500E+00,+2.287814E+00
+1.145000E+00,+2.307915E+00
+1.154500E+00,+2.288870E+00
+1.164000E+00,+2.292396E+00
+1.173500E+00,+2.282176E+00
+1.183000E+00,+2.306849E+00
+1.192500E+00,+2.287814E+00
+1.202000E+00,+2.302287E+00
+1.211500E+00,+2.306839E+00
+1.221000E+00,+2.295594E+00
+1.230500E+00,+2.307915E+00
+1.240000E+00,+2.306829E+00
+1.249500E+00,+2.307915E+00
+1.259000E+00,+2.307915E+00
+1.268500E+00,+2.287814E+00
+1.278000E+00,+2.300115E+00
+1.287500E+00,+2.313512E+00
+1.297000E+00,+2.287814E+00
+1.306500E+00,+2.287814E+00
+1.316000E+00,+2.287814E+00
+1.325500E+00,+2.290046E+00
+1.335000E+00,+2.300095E+00
+1.344500E+00,+2.307915E+00
+1.354000E+00,+2.288940E+00
+1.363500E+00,+2.300085E+00
+1.373000E+00,+2.307915E+00
+1.382500E+00,+2.290087E+00
+1.392000E+00,+2.300075E+00
+1.401500E+00,+2.307915E+00
+1.411000E+00,+2.287814E+00
+1.420500E+00,+2.312315E+00
+1.430000E+00,+2.293361E+00
+1.439500E+00,+2.307915E+00
+1.449000E+00,+2.295674E+00
+1.458500E+00,+2.287814E+00
+1.468000E+00,+2.290147E+00
+1.477500E+00,+2.287814E+00
+1.487000E+00,+2.307915E+00
+1.496500E+00,+2.288991E+00
+1.506000E+00,+2.295694E+00
+1.515500E+00,+2.287814E+00
+1.525000E+00,+2.306728E+00
+1.534500E+00,+2.307915E+00
+1.544000E+00,+2.307915E+00
+1.553500E+00,+2.289011E+00
+1.563000E+00,+2.307915E+00
+1.572500E+00,+2.307915E+00
+1.582000E+00,+2.307915E+00
+1.591500E+00,+2.300004E+00
+1.601000E+00,+2.307915E+00
+1.610500E+00,+2.287814E+00
+1.620000E+00,+2.295734E+00
+1.629500E+00,+2.307915E+00
+1.639000E+00,+2.287814E+00
+1.648500E+00,+2.287814E+00
+1.658000E+00,+2.307915E+00
+1.667500E+00,+2.309151E+00
+1.677000E+00,+2.299974E+00
+1.686500E+00,+2.313371E+00
+1.696000E+00,+2.287814E+00
+1.705500E+00,+2.307915E+00
+1.715000E+00,+2.317122E+00
+1.724500E+00,+2.289071E+00
+1.734000E+00,+2.307915E+00
+1.743500E+00,+2.307915E+00
+1.753000E+00,+2.306648E+00
+1.762500E+00,+2.307915E+00
+1.772000E+00,+2.302488E+00
+1.781500E+00,+2.307915E+00
+1.791000E+00,+2.312054E+00
+1.800500E+00,+2.293231E+00
+1.810000E+00,+2.287814E+00
+1.819500E+00,+2.307915E+00
+1.829000E+00,+2.293221E+00
+1.838500E+00,+2.307915E+00
+1.848000E+00,+2.299914E+00
+1.857500E+00,+2.302518E+00
+1.867000E+00,+2.306608E+00
+1.876500E+00,+2.295825E+00
+1.886000E+00,+2.293200E+00
+1.895500E+00,+2.287814E+00
+1.905000E+00,+2.307915E+00
+1.914500E+00,+2.307915E+00
+1.924000E+00,+2.287814E+00
+1.933500E+00,+2.307915E+00
+1.943000E+00,+2.287814E+00
+1.952500E+00,+2.307915E+00
+1.962000E+00,+2.287814E+00
+1.971500E+00,+2.307915E+00
+1.981000E+00,+2.290509E+00
+1.990500E+00,+2.295865E+00
+2.000000E+00,+2.302568E+00
+2.009500E+00,+2.289171E+00
+2.019000E+00,+2.295875E+00
+2.028500E+00,+2.287814E+00
+2.038000E+00,+2.326648E+00
+2.047500E+00,+2.287814E+00
+2.057000E+00,+2.302588E+00
+2.066500E+00,+2.289192E+00
+2.076000E+00,+2.299834E+00
+2.085500E+00,+2.293130E+00
+2.095000E+00,+2.289202E+00
+2.104500E+00,+2.307915E+00
+2.114000E+00,+2.307915E+00
+2.123500E+00,+2.306517E+00
+2.133000E+00,+2.299814E+00
+2.142500E+00,+2.302619E+00
+2.152000E+00,+2.270529E+00
+2.161500E+00,+2.287814E+00
+2.171000E+00,+2.293100E+00
+2.180500E+00,+2.306497E+00
+2.190000E+00,+2.304056E+00
+2.199500E+00,+2.332288E+00
+2.209000E+00,+2.289242E+00
+2.218500E+00,+2.283976E+00
+2.228000E+00,+2.307915E+00
+2.237500E+00,+2.306477E+00
+2.247000E+00,+2.299773E+00
+2.256500E+00,+2.322759E+00
+2.266000E+00,+2.287814E+00
+2.275500E+00,+2.307915E+00
+2.285000E+00,+2.302669E+00
+2.294500E+00,+2.269171E+00
+2.304000E+00,+2.299753E+00
+2.313500E+00,+2.293050E+00
+2.323000E+00,+2.269181E+00
+2.332500E+00,+2.307915E+00
+2.342000E+00,+2.293040E+00
+2.351500E+00,+2.269191E+00
+2.361000E+00,+2.287814E+00
+2.370500E+00,+2.287814E+00
+2.380000E+00,+2.326527E+00
+2.389500E+00,+2.307915E+00
+2.399000E+00,+2.287814E+00
+2.408500E+00,+2.307915E+00
+2.418000E+00,+2.307915E+00
+2.427500E+00,+2.302719E+00
+2.437000E+00,+2.287814E+00
+2.446500E+00,+2.307915E+00
+2.456000E+00,+2.293000E+00
+2.465500E+00,+2.306396E+00
+2.475000E+00,+2.296036E+00
+2.484500E+00,+2.292989E+00
+2.494000E+00,+2.287814E+00
+2.503500E+00,+2.291451E+00
+2.513000E+00,+2.287814E+00
+2.522500E+00,+2.307915E+00
+2.532000E+00,+2.296056E+00
+2.541500E+00,+2.307915E+00
+2.551000E+00,+2.306366E+00
+2.560500E+00,+2.316166E+00
+2.570000E+00,+2.287814E+00
+2.579500E+00,+2.307915E+00
+2.589000E+00,+2.296076E+00
+2.598500E+00,+2.272849E+00
+2.608000E+00,+2.287814E+00
+2.617500E+00,+2.283099E+00
+2.627000E+00,+2.307915E+00
+2.636500E+00,+2.306336E+00
+2.646000E+00,+2.307915E+00
+2.655500E+00,+2.313030E+00
+2.665000E+00,+2.306326E+00
+2.674500E+00,+2.296106E+00
+2.684000E+00,+2.292919E+00
+2.693500E+00,+2.307915E+00
+2.703000E+00,+2.307915E+00
+2.712500E+00,+2.302820E+00
+2.722000E+00,+2.289423E+00
+2.731500E+00,+2.299603E+00
+2.741000E+00,+2.292899E+00
+2.750500E+00,+2.306296E+00
+2.760000E+00,+2.296136E+00
+2.769500E+00,+2.292889E+00
+2.779000E+00,+2.307915E+00
+2.788500E+00,+2.307915E+00
+2.798000E+00,+2.292879E+00
+2.807500E+00,+2.306276E+00
+2.817000E+00,+2.287814E+00
+2.826500E+00,+2.287814E+00
+2.836000E+00,+2.291112E+00
+2.845500E+00,+2.307915E+00
+2.855000E+00,+2.292859E+00
+2.864500E+00,+2.307915E+00
+2.874000E+00,+2.287814E+00
+2.883500E+00,+2.307915E+00
+2.893000E+00,+2.309583E+00
+2.902500E+00,+2.307915E+00
+2.912000E+00,+2.287814E+00
+2.921500E+00,+2.306236E+00
+2.931000E+00,+2.299532E+00
+2.940500E+00,+2.302900E+00
+2.950000E+00,+2.289503E+00
+2.959500E+00,+2.307915E+00
+2.969000E+00,+2.317924E+00
+2.978500E+00,+2.289513E+00
+2.988000E+00,+2.287814E+00
+2.997500E+00,+2.307915E+00
+3.007000E+00,+2.307915E+00
+3.016500E+00,+2.296227E+00
+3.026000E+00,+2.277682E+00
+3.035500E+00,+2.287814E+00
+3.045000E+00,+2.296237E+00
+3.054500E+00,+2.307915E+00
+3.064000E+00,+2.289543E+00
+3.073500E+00,+2.307915E+00
+3.083000E+00,+2.302950E+00
+3.092500E+00,+2.306175E+00
+3.102000E+00,+2.287814E+00
+3.111500E+00,+2.272668E+00
+3.121000E+00,+2.306165E+00
+3.130500E+00,+2.307915E+00
+3.140000E+00,+2.287814E+00
+3.149500E+00,+2.289573E+00
+3.159000E+00,+2.299452E+00
+3.168500E+00,+2.292748E+00
+3.178000E+00,+2.306145E+00
+3.187500E+00,+2.307915E+00
+3.197000E+00,+2.287814E+00
+3.206500E+00,+2.306135E+00
+3.216000E+00,+2.307915E+00
+3.225500E+00,+2.303000E+00
+3.235000E+00,+2.306125E+00
+3.244500E+00,+2.287814E+00
+3.254000E+00,+2.307915E+00
+3.263500E+00,+2.306115E+00
+3.273000E+00,+2.339613E+00
+3.282500E+00,+2.298127E+00
+3.292000E+00,+2.269523E+00
+3.301500E+00,+2.299402E+00
+3.311000E+00,+2.292698E+00
+3.320500E+00,+2.287814E+00
+3.330000E+00,+2.307915E+00
+3.339500E+00,+2.307915E+00
+3.349000E+00,+2.306085E+00
+3.358500E+00,+2.307915E+00
+3.368000E+00,+2.287814E+00
+3.377500E+00,+2.289654E+00
+3.387000E+00,+2.284800E+00
+3.396500E+00,+2.292668E+00
+3.406000E+00,+2.306065E+00
+3.415500E+00,+2.296367E+00
+3.425000E+00,+2.312758E+00
+3.434500E+00,+2.285954E+00
+3.444000E+00,+2.279251E+00
+3.453500E+00,+2.292648E+00
+3.463000E+00,+2.326145E+00
+3.472500E+00,+2.299341E+00
+3.482000E+00,+2.307915E+00
+3.491500E+00,+2.306035E+00
+3.501000E+00,+2.307915E+00
+3.510500E+00,+2.292628E+00
+3.520000E+00,+2.289704E+00
+3.529500E+00,+2.287814E+00
+3.539000E+00,+2.287814E+00
+3.548500E+00,+2.285914E+00
+3.558000E+00,+2.307915E+00
+3.567500E+00,+2.307915E+00
+3.577000E+00,+2.307915E+00
+3.586500E+00,+2.296428E+00
+3.596000E+00,+2.323232E+00
+3.605500E+00,+2.307915E+00
+3.615000E+00,+2.307915E+00
+3.624500E+00,+2.283041E+00
+3.634000E+00,+2.326085E+00
+3.643500E+00,+2.299281E+00
+3.653000E+00,+2.287814E+00
+3.662500E+00,+2.307915E+00
+3.672000E+00,+2.299271E+00
+3.681500E+00,+2.303161E+00
+3.691000E+00,+2.307915E+00
+3.700500E+00,+2.290607E+00
+3.710000E+00,+2.303171E+00
+3.719500E+00,+2.287814E+00
+3.729000E+00,+2.307915E+00
+3.738500E+00,+2.287814E+00
+3.748000E+00,+2.307915E+00
+3.757500E+00,+2.273219E+00
+3.767000E+00,+2.287814E+00
+3.776500E+00,+2.289794E+00
+3.786000E+00,+2.299231E+00
+3.795500E+00,+2.298488E+00
+3.805000E+00,+2.289804E+00
+3.814500E+00,+2.287814E+00
+3.824000E+00,+2.292517E+00
+3.833500E+00,+2.305914E+00
+3.843000E+00,+2.316619E+00
+3.852500E+00,+2.287814E+00
+3.862000E+00,+2.305904E+00
+3.871500E+00,+2.307915E+00
+3.881000E+00,+2.287814E+00
+3.890500E+00,+2.307915E+00
+3.900000E+00,+2.307915E+00
+3.909500E+00,+2.312588E+00
+3.919000E+00,+2.287814E+00
+3.928500E+00,+2.287814E+00
+3.938000E+00,+2.287814E+00
+3.947500E+00,+2.267714E+00
+3.957000E+00,+2.305302E+00
+3.966500E+00,+2.293956E+00
+3.976000E+00,+2.305864E+00
+3.985500E+00,+2.296568E+00
+3.995000E+00,+2.287814E+00
+4.004500E+00,+2.305854E+00
+4.014000E+00,+2.296578E+00
+4.023500E+00,+2.307915E+00
+4.033000E+00,+2.291956E+00
+4.042500E+00,+2.285262E+00
+4.052000E+00,+2.303292E+00
+4.061500E+00,+2.305834E+00
+4.071000E+00,+2.305383E+00
+4.080500E+00,+2.307915E+00
+4.090000E+00,+2.289905E+00
+4.099500E+00,+2.276508E+00
+4.109000E+00,+2.283212E+00
+4.118500E+00,+2.307915E+00
+4.128000E+00,-22.414E-03
+4.137500E+00,-39.252E-03
+4.147000E+00,-5.754E-03
+4.156500E+00,-50.187E-03
+4.166000E+00,-42.074E-03
+4.175500E+00,-23.744E-03
+4.185000E+00,-23.744E-03
+4.194500E+00,-23.744E-03
+4.204000E+00,-21.613E-03
+4.213500E+00,-50.247E-03
+4.223000E+00,-12.768E-03
+4.232500E+00,-7.925E-03
+4.242000E+00,-46.255E-03
+4.251500E+00,-8.196E-03
+4.261000E+00,-10.097E-03
+4.270500E+00,-23.744E-03
+4.280000E+00,-23.744E-03
+4.289500E+00,-59.622E-03
+4.299000E+00,-23.744E-03
+4.308500E+00,-28.276E-03
+4.318000E+00,-95.461E-03
+4.327500E+00,-14.869E-03
+4.337000E+00,-32.788E-03
+4.346500E+00,-23.744E-03
+4.356000E+00,-12.528E-03
+4.365500E+00,-8.155E-03
+4.375000E+00,-23.744E-03
+4.384500E+00,-14.849E-03
+4.394000E+00,-8.145E-03
+4.403500E+00,-23.744E-03
+4.413000E+00,-3.643E-03
+4.422500E+00,-54.961E-03
+4.432000E+00,-23.744E-03
+4.441500E+00,-12.558E-03
+4.451000E+00,-23.744E-03
+4.460500E+00,-23.744E-03
+4.470000E+00,-3.643E-03
+4.479500E+00,-23.744E-03
+4.489000E+00,-5.875E-03
+4.498500E+00,-23.744E-03
+4.508000E+00,-8.105E-03
+4.517500E+00,-21.502E-03
+4.527000E+00,+9.722E-03
+4.536500E+00,-86.338E-03
+4.546000E+00,-23.744E-03
+4.555500E+00,-3.643E-03
+4.565000E+00,-32.627E-03
+4.574500E+00,-5.905E-03
+4.584000E+00,-12.608E-03
+4.593500E+00,+25.006E-03
+4.603000E+00,-21.472E-03
+4.612500E+00,-45.994E-03
+4.622000E+00,-41.430E-03
+4.631500E+00,-26.025E-03
+4.641000E+00,-77.190E-03
+4.650500E+00,-8.055E-03
+4.660000E+00,-21.452E-03
+4.669500E+00,-3.643E-03
+4.679000E+00,+9.562E-03
+4.688500E+00,-5.945E-03
+4.698000E+00,-23.744E-03
+4.707500E+00,-8.035E-03
+4.717000E+00,-74.797E-03
+4.726500E+00,-12.659E-03
+4.736000E+00,-19.362E-03
+4.745500E+00,-94.858E-03
+4.755000E+00,-12.669E-03
+4.764500E+00,-36.858E-03
+4.774000E+00,-3.643E-03
+4.783500E+00,-41.815E-03
+4.793000E+00,-23.744E-03
+4.802500E+00,+11.773E-03
+4.812000E+00,+131.025E-03
+4.821500E+00,-7.995E-03
+4.831000E+00,-23.744E-03
+4.840500E+00,-23.744E-03
+4.850000E+00,-36.768E-03
+4.859500E+00,-23.744E-03
+4.869000E+00,-69.072E-03
+4.878500E+00,-55.282E-03
+4.888000E+00,+9.341E-03
+4.897500E+00,-14.668E-03
+4.907000E+00,-23.744E-03
+4.916500E+00,+11.693E-03
+4.926000E+00,-14.658E-03
+4.935500E+00,-7.954E-03
+4.945000E+00,-17.997E-03
+4.954500E+00,-23.744E-03
+4.964000E+00,-12.245E-03
+4.973500E+00,-3.643E-03
+4.983000E+00,-23.744E-03
+4.992500E+00,-7.934E-03
+5.002000E+00,-23.744E-03
+5.011500E+00,-3.643E-03
+5.021000E+00,-7.924E-03
+5.030500E+00,-23.744E-03
+5.040000E+00,-12.769E-03
+5.049500E+00,-7.914E-03
+5.059000E+00,-23.744E-03
+5.068500E+00,-14.608E-03
+5.078000E+00,-55.423E-03
+5.087500E+00,-41.402E-03
+5.097000E+00,+140.572E-03
+5.106500E+00,-7.894E-03
+5.116000E+00,+11.552E-03
+5.125500E+00,-32.900E-03
+5.135000E+00,-19.503E-03
+5.144500E+00,-26.206E-03
+5.154000E+00,-23.744E-03
+5.163500E+00,-19.513E-03
+5.173000E+00,-23.744E-03
+5.182500E+00,-23.744E-03
+5.192000E+00,-23.744E-03
+5.201500E+00,-23.744E-03
+5.211000E+00,-23.744E-03
+5.220500E+00,-3.643E-03
+5.230000E+00,-23.744E-03
+5.239500E+00,-3.643E-03
+5.249000E+00,-19.543E-03
+5.258500E+00,-6.146E-03
+5.268000E+00,-14.537E-03
+5.277500E+00,-19.553E-03
+5.287000E+00,-23.744E-03
+5.296500E+00,-14.527E-03
+5.306000E+00,-7.824E-03
+5.315500E+00,-23.744E-03
+5.325000E+00,-34.618E-03
+5.334500E+00,-19.573E-03
+5.344000E+00,-21.211E-03
+5.353500E+00,-12.880E-03
+5.363000E+00,-7.804E-03
+5.372500E+00,-23.744E-03
+5.382000E+00,-3.643E-03
+5.391500E+00,-23.744E-03
+5.401000E+00,-26.297E-03
+5.410500E+00,-14.487E-03
+5.420000E+00,-11.924E-03
+5.429500E+00,-21.180E-03
+5.439000E+00,-3.643E-03
+5.448500E+00,-3.643E-03
+5.458000E+00,-23.744E-03
+5.467500E+00,-23.744E-03
+5.477000E+00,-7.763E-03
+5.486500E+00,-23.744E-03
+5.496000E+00,-14.457E-03
+5.505500E+00,-19.633E-03
+5.515000E+00,-3.643E-03
+5.524500E+00,-14.447E-03
+5.534000E+00,-27.844E-03
+5.543500E+00,-23.744E-03
+5.553000E+00,-23.744E-03
+5.562500E+00,-7.733E-03
+5.572000E+00,-6.257E-03
+5.581500E+00,-3.643E-03
+5.591000E+00,-23.744E-03
+5.600500E+00,-23.744E-03
+5.610000E+00,-23.744E-03
+5.619500E+00,-7.713E-03
+5.629000E+00,-23.744E-03
+5.638500E+00,-23.744E-03
+5.648000E+00,-3.643E-03
+5.657500E+00,-23.744E-03
+5.667000E+00,-34.497E-03
+5.676500E+00,-7.693E-03
+5.686000E+00,-3.643E-03
+5.695500E+00,-3.643E-03
+5.705000E+00,-19.704E-03
+5.714500E+00,-21.080E-03
+5.724000E+00,-23.744E-03
+5.733500E+00,-23.744E-03
+5.743000E+00,-41.170E-03
+5.752500E+00,-23.744E-03
+5.762000E+00,-7.663E-03
+5.771500E+00,-23.744E-03
+5.781000E+00,-13.030E-03
+5.790500E+00,-19.734E-03
+5.800000E+00,-21.050E-03
+5.809500E+00,-23.744E-03
+5.819000E+00,-19.744E-03
+5.828500E+00,-3.643E-03
+5.838000E+00,-3.643E-03
+5.847500E+00,-27.733E-03
+5.857000E+00,-26.458E-03
+5.866500E+00,-14.326E-03
+5.876000E+00,-19.764E-03
+5.885500E+00,-3.643E-03
+5.895000E+00,-23.744E-03
+5.904500E+00,-19.774E-03
+5.914000E+00,-23.744E-03
+5.923500E+00,-14.306E-03
+5.933000E+00,-23.744E-03
+5.942500E+00,-26.488E-03
+5.952000E+00,-23.744E-03
+5.961500E+00,-7.593E-03
+5.971000E+00,-20.990E-03
+5.980500E+00,-24.929E-03
+5.990000E+00,-23.744E-03
+5.999500E+00,-20.980E-03
+6.009000E+00,-14.276E-03
+6.018500E+00,-23.744E-03
+6.028000E+00,-20.969E-03
+6.037500E+00,-34.366E-03
+6.047000E+00,-23.744E-03
+6.056500E+00,-26.528E-03
+6.066000E+00,-23.744E-03
+6.075500E+00,-23.744E-03
+6.085000E+00,-26.538E-03
+6.094500E+00,-14.246E-03
+6.104000E+00,-7.542E-03
+6.113500E+00,-23.744E-03
+6.123000E+00,-34.336E-03
+6.132500E+00,-3.643E-03
+6.142000E+00,-6.458E-03
+6.151500E+00,-22.679E-03
+6.161000E+00,-23.744E-03
+6.170500E+00,-23.744E-03
+6.180000E+00,-14.216E-03
+6.189500E+00,-23.744E-03
+6.199000E+00,-41.010E-03
+6.208500E+00,-23.744E-03
+6.218000E+00,-19.885E-03
+6.227500E+00,-41.000E-03
+6.237000E+00,-23.744E-03
+6.246500E+00,-23.744E-03
+6.256000E+00,-23.744E-03
+6.265500E+00,-13.201E-03
+6.275000E+00,-11.321E-03
+6.284500E+00,-23.744E-03
+6.294000E+00,-23.744E-03
+6.303500E+00,-3.643E-03
+6.313000E+00,-23.744E-03
+6.322500E+00,-24.688E-03
+6.332000E+00,-23.744E-03
+6.341500E+00,-23.744E-03
+6.351000E+00,-23.744E-03
+6.360500E+00,-3.643E-03
+6.370000E+00,-23.744E-03
+6.379500E+00,-34.246E-03
+6.389000E+00,-19.945E-03
+6.398500E+00,-23.744E-03
+6.408000E+00,-3.643E-03
+6.417500E+00,-36.267E-03
+6.427000E+00,-6.558E-03
+6.436500E+00,-13.262E-03
+6.446000E+00,-23.744E-03
+6.455500E+00,-20.819E-03
+6.465000E+00,-23.744E-03
+6.474500E+00,-27.512E-03
+6.484000E+00,-20.809E-03
+6.493500E+00,-23.744E-03
+6.503000E+00,-3.643E-03
+6.512500E+00,-23.744E-03
+6.522000E+00,+6.809E-03
+6.531500E+00,-3.643E-03
+6.541000E+00,-23.744E-03
+6.550500E+00,-23.744E-03
+6.560000E+00,-7.382E-03
+6.569500E+00,-6.608E-03
+6.579000E+00,-13.312E-03
+6.588500E+00,-7.371E-03
+6.598000E+00,-23.744E-03
+6.607500E+00,-23.744E-03
+6.617000E+00,-7.361E-03
+6.626500E+00,-6.628E-03
+6.636000E+00,-3.643E-03
+6.645500E+00,-23.744E-03
+6.655000E+00,-3.643E-03
+6.664500E+00,-3.643E-03
+6.674000E+00,-7.341E-03
+6.683500E+00,-3.643E-03
+6.693000E+00,-23.744E-03
+6.702500E+00,-40.156E-03
+6.712000E+00,-23.744E-03
+6.721500E+00,-13.362E-03
+6.731000E+00,-23.744E-03
+6.740500E+00,-3.643E-03
+6.750000E+00,-14.015E-03
+6.759500E+00,-20.076E-03
+6.769000E+00,-23.744E-03
+6.778500E+00,-23.744E-03
+6.788000E+00,-20.086E-03
+6.797500E+00,-20.698E-03
+6.807000E+00,-23.744E-03
+6.816500E+00,-40.196E-03
+6.826000E+00,-6.699E-03
+6.835500E+00,-23.744E-03
+6.845000E+00,-7.281E-03
+6.854500E+00,-23.744E-03
+6.864000E+00,-23.181E-03
+6.873500E+00,-20.116E-03
+6.883000E+00,-23.744E-03
+6.892500E+00,-13.964E-03
+6.902000E+00,-23.744E-03
+6.911500E+00,-23.744E-03
+6.921000E+00,-13.432E-03
+6.930500E+00,-3.643E-03
+6.940000E+00,-20.648E-03
+6.949500E+00,-33.543E-03
+6.959000E+00,-7.241E-03
+6.968500E+00,-23.744E-03
+6.978000E+00,-3.643E-03
+6.987500E+00,-27.331E-03
+6.997000E+00,-23.744E-03
+7.006500E+00,-23.744E-03
+7.016000E+00,-3.643E-03
+7.025500E+00,-23.744E-03
+7.035000E+00,-3.643E-03
+7.044500E+00,-23.744E-03
+7.054000E+00,-20.608E-03
+7.063500E+00,-34.005E-03
+7.073000E+00,-7.201E-03
+7.082500E+00,-6.789E-03
+7.092000E+00,-13.493E-03
+7.101500E+00,-23.744E-03
+7.111000E+00,-20.588E-03
+7.120500E+00,-23.744E-03
+7.130000E+00,-20.206E-03
+7.139500E+00,-20.578E-03
+7.149000E+00,-23.744E-03
+7.158500E+00,-7.171E-03
+7.168000E+00,-6.819E-03
+7.177500E+00,-13.864E-03
+7.187000E+00,-23.744E-03
+7.196500E+00,-23.744E-03
+7.206000E+00,-23.744E-03
+7.215500E+00,-23.744E-03
+7.225000E+00,-20.547E-03
+7.234500E+00,-23.744E-03
+7.244000E+00,-7.140E-03
+7.253500E+00,+10.045E-03
+7.263000E+00,-23.463E-03
+7.272500E+00,-23.744E-03
+7.282000E+00,-6.860E-03
+7.291500E+00,-13.563E-03
+7.301000E+00,-23.744E-03
+7.310500E+00,-23.744E-03
+7.320000E+00,-13.573E-03
+7.329500E+00,-20.277E-03
+7.339000E+00,-40.608E-03
+7.348500E+00,-33.904E-03
+7.358000E+00,-7.100E-03
+7.367500E+00,-20.497E-03
+7.377000E+00,-23.744E-03
+7.386500E+00,-3.643E-03
+7.396000E+00,-40.588E-03
+7.405500E+00,-13.603E-03
+7.415000E+00,-23.744E-03
+7.424500E+00,-23.744E-03
+7.434000E+00,-23.744E-03
+7.443500E+00,-20.317E-03
+7.453000E+00,-20.467E-03
+7.462500E+00,-13.623E-03
+7.472000E+00,-20.327E-03
+7.481500E+00,-6.930E-03
+7.491000E+00,-13.633E-03
+7.500500E+00,-23.744E-03
+7.510000E+00,-20.447E-03
+7.519500E+00,-23.744E-03
+7.529000E+00,-7.040E-03
+7.538500E+00,-23.744E-03
+7.548000E+00,-23.744E-03
+7.557500E+00,-7.030E-03
+7.567000E+00,-6.960E-03
+7.576500E+00,-23.744E-03
+7.586000E+00,-23.744E-03
+7.595500E+00,-20.417E-03
+7.605000E+00,-23.744E-03
+7.614500E+00,-23.744E-03
+7.624000E+00,-23.744E-03
+7.633500E+00,-23.724E-03
+7.643000E+00,-23.744E-03
+7.652500E+00,-23.744E-03
+7.662000E+00,-13.693E-03
+7.671500E+00,-20.397E-03
+7.681000E+00,-20.387E-03
+7.690500E+00,-23.744E-03
+7.700000E+00,-23.744E-03
+7.709500E+00,-20.377E-03
+7.719000E+00,-13.714E-03
+7.728500E+00,-23.744E-03
+7.738000E+00,-20.367E-03
+7.747500E+00,-23.744E-03
+7.757000E+00,-23.744E-03
+7.766500E+00,-23.744E-03
+7.776000E+00,-23.744E-03
+7.785500E+00,-23.744E-03
+7.795000E+00,-3.643E-03
+7.804500E+00,-3.744E-03
+7.814000E+00,-6.939E-03
+7.823500E+00,-20.336E-03
+7.833000E+00,-13.633E-03
+7.842500E+00,-23.744E-03
+7.852000E+00,-23.744E-03
+7.861500E+00,-23.744E-03
+7.871000E+00,-23.744E-03
+7.880500E+00,-7.071E-03
+7.890000E+00,-23.744E-03
+7.899500E+00,-6.909E-03
+7.909000E+00,-7.081E-03
+7.918500E+00,-23.744E-03
+7.928000E+00,-23.744E-03
+7.937500E+00,-7.091E-03
+7.947000E+00,-23.744E-03
+7.956500E+00,-6.889E-03
+7.966000E+00,-7.101E-03
+7.975500E+00,-13.583E-03
+7.985000E+00,-23.744E-03
+7.994500E+00,-20.276E-03
+8.004000E+00,-23.744E-03
+8.013500E+00,-6.869E-03
+8.023000E+00,-23.744E-03
+8.032500E+00,-13.563E-03
+8.042000E+00,-23.744E-03
+8.051500E+00,-3.643E-03
+8.061000E+00,-23.744E-03
+8.070500E+00,-20.538E-03
+8.080000E+00,-20.246E-03
+8.089500E+00,-23.744E-03
+8.099000E+00,-23.744E-03
+8.108500E+00,-3.643E-03
+8.118000E+00,-24.066E-03
+8.127500E+00,-17.372E-03
+8.137000E+00,-40.326E-03
+8.146500E+00,-3.643E-03
+8.156000E+00,-23.744E-03
+8.165500E+00,-7.171E-03
+8.175000E+00,-23.744E-03
+8.184500E+00,-37.513E-03
+8.194000E+00,-7.181E-03
+8.203500E+00,-13.502E-03
+8.213000E+00,-23.744E-03
+8.222500E+00,-23.744E-03
+8.232000E+00,-23.744E-03
+8.241500E+00,-23.744E-03
+8.251000E+00,-40.286E-03
+8.260500E+00,-23.744E-03
+8.270000E+00,-23.744E-03
+8.279500E+00,-23.744E-03
+8.289000E+00,-13.472E-03
+8.298500E+00,-23.744E-03
+8.308000E+00,-23.744E-03
+8.317500E+00,-23.744E-03
+8.327000E+00,-40.729E-03
+8.336500E+00,-20.155E-03
+8.346000E+00,-23.744E-03
+8.355500E+00,-3.643E-03
+8.365000E+00,-23.744E-03
+8.374500E+00,-13.945E-03
+8.384000E+00,-23.744E-03
+8.393500E+00,-7.251E-03
+8.403000E+00,-23.744E-03
+8.412500E+00,-6.728E-03
+8.422000E+00,-3.643E-03
+8.431500E+00,-23.744E-03
+8.441000E+00,-17.593E-03
+8.450500E+00,-3.643E-03
+8.460000E+00,-13.412E-03
+8.469500E+00,-6.708E-03
+8.479000E+00,-23.744E-03
+8.488500E+00,-13.985E-03
+8.498000E+00,-6.698E-03
+8.507500E+00,-27.392E-03
+8.517000E+00,-3.643E-03
+8.526500E+00,-3.643E-03
+8.536000E+00,-23.744E-03
+8.545500E+00,-23.120E-03
+8.555000E+00,-6.678E-03
+8.564500E+00,-20.075E-03
+8.574000E+00,-23.744E-03
+8.583500E+00,-3.643E-03
+8.593000E+00,-23.744E-03
+8.602500E+00,-14.025E-03
+8.612000E+00,-3.643E-03
+8.621500E+00,-7.332E-03
+8.631000E+00,-23.744E-03
+8.640500E+00,-20.739E-03
+8.650000E+00,-3.643E-03
+8.659500E+00,-13.341E-03
+8.669000E+00,-6.638E-03
+8.678500E+00,-23.744E-03
+8.688000E+00,-3.643E-03
+8.697500E+00,-23.744E-03
+8.707000E+00,-20.025E-03
+8.716500E+00,-23.744E-03
+8.726000E+00,-20.769E-03
+8.735500E+00,-20.015E-03
+8.745000E+00,-13.311E-03
+8.754500E+00,-23.744E-03
+8.764000E+00,-20.005E-03
+8.773500E+00,-23.744E-03
+8.783000E+00,+10.548E-03
+8.792500E+00,-19.995E-03
+8.802000E+00,-14.096E-03
+8.811500E+00,-3.643E-03
+8.821000E+00,-23.744E-03
+8.830500E+00,-23.744E-03
+8.840000E+00,-6.578E-03
+8.849500E+00,-23.744E-03
+8.859000E+00,-23.744E-03
+8.868500E+00,-20.819E-03
+8.878000E+00,-19.965E-03
+8.887500E+00,-23.744E-03
+8.897000E+00,-9.472E-03
+8.906500E+00,-23.744E-03
+8.916000E+00,-23.744E-03
+8.925500E+00,-6.547E-03
+8.935000E+00,-23.744E-03
+8.944500E+00,-23.744E-03
+8.954000E+00,-23.744E-03
+8.963500E+00,-23.744E-03
+8.973000E+00,-23.744E-03
+8.982500E+00,-6.527E-03
+8.992000E+00,-23.744E-03
+9.001500E+00,-34.266E-03
+9.011000E+00,-23.744E-03
+9.020500E+00,-3.643E-03
+9.030000E+00,-23.744E-03
+9.039500E+00,-23.744E-03
+9.049000E+00,-7.483E-03
+9.058500E+00,-23.744E-03
+9.068000E+00,-3.643E-03
+9.077500E+00,-39.995E-03
+9.087000E+00,-23.744E-03
+9.096500E+00,-20.900E-03
+9.106000E+00,-19.884E-03
+9.115500E+00,-23.744E-03
+9.125000E+00,-23.744E-03
+9.134500E+00,-7.513E-03
+9.144000E+00,-14.216E-03
+9.153500E+00,-23.744E-03
+9.163000E+00,-19.864E-03
+9.172500E+00,-14.226E-03
+9.182000E+00,-3.643E-03
+9.191500E+00,-19.854E-03
+9.201000E+00,-14.236E-03
+9.210500E+00,-23.744E-03
+9.220000E+00,-23.744E-03
+9.229500E+00,-14.246E-03
+9.239000E+00,-23.744E-03
+9.248500E+00,-7.553E-03
+9.258000E+00,-33.231E-03
+9.267500E+00,-23.744E-03
+9.277000E+00,-7.563E-03
+9.286500E+00,-14.266E-03
+9.296000E+00,-23.744E-03
+9.305500E+00,-7.573E-03
+9.315000E+00,-23.744E-03
+9.324500E+00,-20.980E-03
+9.334000E+00,-7.583E-03
+9.343500E+00,-23.744E-03
+9.353000E+00,-23.744E-03
+9.362500E+00,-19.794E-03
+9.372000E+00,-33.191E-03
+9.381500E+00,-21.000E-03
+9.391000E+00,-23.744E-03
+9.400500E+00,-3.643E-03
+9.410000E+00,-21.010E-03
+9.419500E+00,-23.744E-03
+9.429000E+00,-23.744E-03
+9.438500E+00,-3.643E-03
+9.448000E+00,-23.744E-03
+9.457500E+00,-14.327E-03
+9.467000E+00,-21.030E-03
+9.476500E+00,-23.744E-03
+9.486000E+00,-23.744E-03
+9.495500E+00,-23.744E-03
+9.505000E+00,-19.743E-03
+9.514500E+00,-14.347E-03
+9.524000E+00,-23.744E-03
+9.533500E+00,-23.744E-03
+9.543000E+00,-13.030E-03
+9.552500E+00,-23.744E-03
+9.562000E+00,-19.723E-03
+9.571500E+00,-14.367E-03
+9.581000E+00,-23.744E-03
+9.590500E+00,-23.744E-03
+9.600000E+00,-14.377E-03
+9.609500E+00,-6.306E-03
+9.619000E+00,-19.703E-03
+9.628500E+00,-34.488E-03
+9.638000E+00,-26.397E-03
+9.647500E+00,-19.693E-03
+9.657000E+00,-23.744E-03
+9.666500E+00,-21.101E-03
+9.676000E+00,-23.744E-03
+9.685500E+00,-23.744E-03
+9.695000E+00,-6.276E-03
+9.704500E+00,-19.673E-03
+9.714000E+00,-23.744E-03
+9.723500E+00,-6.266E-03
+9.733000E+00,-23.744E-03
+9.742500E+00,-23.744E-03
+9.752000E+00,-6.256E-03
+9.761500E+00,-3.643E-03
+9.771000E+00,-3.643E-03
+9.780500E+00,-43.844E-03
+9.790000E+00,-23.744E-03
+9.799500E+00,-34.548E-03
+9.809000E+00,-23.744E-03
+9.818500E+00,-23.744E-03
+9.828000E+00,-23.744E-03
+9.837500E+00,-3.643E-03
+9.847000E+00,-23.744E-03
+9.856500E+00,-3.643E-03
+9.866000E+00,-3.643E-03
+9.875500E+00,-23.744E-03
+9.885000E+00,-12.909E-03
+9.894500E+00,-23.744E-03
+9.904000E+00,-39.703E-03
+9.913500E+00,-34.588E-03
+9.923000E+00,-23.744E-03
+9.932500E+00,-7.794E-03
+9.942000E+00,-23.744E-03
+9.951500E+00,-6.186E-03
+9.961000E+00,-23.744E-03
+9.970500E+00,-14.508E-03
+9.980000E+00,-6.176E-03
+9.989500E+00,-7.814E-03
+9.999000E+00,-23.744E-03
+10.008500E+00,-23.744E-03
+10.018000E+00,-19.563E-03
+10.027500E+00,-23.744E-03
+10.037000E+00,-6.156E-03
+10.046500E+00,-19.553E-03
+10.056000E+00,-14.538E-03
+10.065500E+00,-26.246E-03
+10.075000E+00,-19.543E-03
+10.084500E+00,-23.744E-03
+10.094000E+00,-23.744E-03
+10.103500E+00,-23.744E-03
+10.113000E+00,-12.829E-03
+10.122500E+00,-23.744E-03
+10.132000E+00,-23.744E-03
+10.141500E+00,-23.744E-03
+10.151000E+00,-21.271E-03
+10.160500E+00,-23.744E-03
+10.170000E+00,-23.744E-03
+10.179500E+00,-23.744E-03
+10.189000E+00,-7.885E-03
+10.198500E+00,-32.899E-03
+10.208000E+00,-3.643E-03
+10.217500E+00,-12.146E-03
+10.227000E+00,-12.789E-03
+10.236500E+00,-23.744E-03
+10.246000E+00,-23.744E-03
+10.255500E+00,-14.608E-03
+10.265000E+00,-41.412E-03
+10.274500E+00,-19.472E-03
+10.284000E+00,-12.769E-03
+10.293500E+00,-23.744E-03
+10.303000E+00,-7.925E-03
+10.312500E+00,-12.759E-03
+10.322000E+00,-23.744E-03
+10.331500E+00,-7.935E-03
+10.341000E+00,-23.744E-03
+10.350500E+00,-6.045E-03
+10.360000E+00,-28.045E-03
+10.369500E+00,-14.648E-03
+10.379000E+00,-21.352E-03
+10.388500E+00,-23.744E-03
+10.398000E+00,-14.658E-03
+10.407500E+00,-6.025E-03
+10.417000E+00,-19.422E-03
+10.426500E+00,-23.744E-03
+10.436000E+00,-21.372E-03
+10.445500E+00,-39.512E-03
+10.455000E+00,-23.744E-03
+10.464500E+00,-23.744E-03
+10.474000E+00,-7.985E-03
+10.483500E+00,-23.744E-03
+10.493000E+00,-23.744E-03
+10.502500E+00,-12.347E-03
+10.512000E+00,-23.744E-03
+10.521500E+00,-5.985E-03
+10.531000E+00,-23.744E-03
+10.540500E+00,-12.678E-03
+10.550000E+00,-5.975E-03
+10.559500E+00,-23.744E-03
+10.569000E+00,-3.643E-03
+10.578500E+00,-23.744E-03
+10.588000E+00,-19.362E-03
+10.597500E+00,-12.658E-03
+10.607000E+00,-3.643E-03
+10.616500E+00,-8.035E-03
+10.626000E+00,-23.744E-03
+10.635500E+00,-5.945E-03
+10.645000E+00,-19.342E-03
+10.654500E+00,-23.744E-03
+10.664000E+00,-23.744E-03
+10.673500E+00,-19.331E-03
+10.683000E+00,-12.628E-03
+10.692500E+00,-23.744E-03
+10.702000E+00,-3.643E-03
+10.711500E+00,-12.618E-03
+10.721000E+00,-3.643E-03
+10.730500E+00,-23.744E-03
+10.740000E+00,-12.608E-03
+10.749500E+00,-3.643E-03
+10.759000E+00,-23.744E-03
+10.768500E+00,-23.744E-03
+10.778000E+00,-3.643E-03
+10.787500E+00,-8.096E-03
+10.797000E+00,-23.744E-03
+10.806500E+00,-5.884E-03
+10.816000E+00,-19.281E-03
+10.825500E+00,-14.809E-03
+10.835000E+00,-25.975E-03
+10.844500E+00,-8.116E-03
+10.854000E+00,-23.744E-03
+10.863500E+00,-23.744E-03
+10.873000E+00,-19.261E-03
+10.882500E+00,-23.744E-03
+10.892000E+00,-5.854E-03
+10.901500E+00,-23.744E-03
+10.911000E+00,-23.744E-03
+10.920500E+00,-3.643E-03
+10.930000E+00,-23.744E-03
+10.939500E+00,-3.643E-03
+10.949000E+00,-21.553E-03
+10.958500E+00,-23.744E-03
+10.968000E+00,-23.744E-03
+10.977500E+00,-5.824E-03
+10.987000E+00,-23.744E-03
+10.996500E+00,-12.517E-03
+11.006000E+00,-23.744E-03
+11.015500E+00,-23.744E-03
+11.025000E+00,-12.507E-03
+11.034500E+00,-23.744E-03
+11.044000E+00,-19.201E-03
+11.053500E+00,-34.990E-03
+11.063000E+00,-7.944E-03
+11.072500E+00,-23.744E-03
+11.082000E+00,-23.744E-03
+11.091500E+00,-3.643E-03
+11.101000E+00,-23.744E-03
+11.110500E+00,-3.643E-03
+11.120000E+00,-23.744E-03
+11.129500E+00,-19.171E-03
+11.139000E+00,-23.744E-03
+11.148500E+00,-3.643E-03
+11.158000E+00,-8.226E-03
+11.167500E+00,-14.930E-03
+11.177000E+00,-5.754E-03
+11.186500E+00,-23.744E-03
+11.196000E+00,-23.744E-03
+11.205500E+00,-23.744E-03
+11.215000E+00,-23.744E-03
+11.224500E+00,-23.744E-03
+11.234000E+00,-23.744E-03
+11.243500E+00,-12.870E-03
+11.253000E+00,-14.960E-03
+11.262500E+00,-23.744E-03
+11.272000E+00,-3.643E-03
+11.281500E+00,-12.417E-03
+11.291000E+00,-23.744E-03
+11.300500E+00,-8.276E-03
+11.310000E+00,-14.980E-03
+11.319500E+00,-23.744E-03
+11.329000E+00,-23.744E-03
+11.338500E+00,-23.744E-03
+11.348000E+00,-5.693E-03
+11.357500E+00,-23.744E-03
+11.367000E+00,-23.744E-03
+11.376500E+00,-23.744E-03
+11.386000E+00,-8.307E-03
+11.395500E+00,-12.377E-03
+11.405000E+00,-23.744E-03
+11.414500E+00,-19.070E-03
+11.424000E+00,-23.744E-03
+11.433500E+00,-23.744E-03
+11.443000E+00,-8.327E-03
+11.452500E+00,-23.744E-03
+11.462000E+00,-3.643E-03
+11.471500E+00,-19.050E-03
+11.481000E+00,-23.744E-03
+11.490500E+00,-23.744E-03
+11.500000E+00,-28.447E-03
+11.509500E+00,-3.643E-03
+11.519000E+00,-23.744E-03
+11.528500E+00,-23.744E-03
+11.538000E+00,-32.427E-03
+11.547500E+00,-21.764E-03
+11.557000E+00,-23.744E-03
+11.566500E+00,-3.643E-03
+11.576000E+00,-23.744E-03
+11.585500E+00,-23.744E-03
+11.595000E+00,-3.643E-03
+11.604500E+00,-23.744E-03
+11.614000E+00,-34.357E-03
+11.623500E+00,-23.744E-03
+11.633000E+00,-5.593E-03
+11.642500E+00,-23.744E-03
+11.652000E+00,-32.387E-03
+11.661500E+00,-25.683E-03
+11.671000E+00,-8.407E-03
+11.680500E+00,-3.643E-03
+11.690000E+00,-23.744E-03
+11.699500E+00,-23.744E-03
+11.709000E+00,-15.121E-03
+11.718500E+00,-23.744E-03
+11.728000E+00,-8.427E-03
+11.737500E+00,-3.643E-03
+11.747000E+00,-23.744E-03
+11.756500E+00,-23.744E-03
+11.766000E+00,-23.744E-03
+11.775500E+00,-21.844E-03
+11.785000E+00,-18.940E-03
+11.794500E+00,-23.744E-03
+11.804000E+00,-5.533E-03
+11.813500E+00,-34.216E-03
+11.823000E+00,-23.744E-03
+11.832500E+00,-23.744E-03
+11.842000E+00,-23.744E-03
+11.851500E+00,-35.271E-03
+11.861000E+00,-23.744E-03
+11.870500E+00,-13.312E-03
+11.880000E+00,-32.306E-03
+11.889500E+00,-7.362E-03
+11.899000E+00,-8.487E-03
+11.908500E+00,-3.643E-03
+11.918000E+00,-5.492E-03
+11.927500E+00,-23.744E-03
+11.937000E+00,-12.186E-03
+11.946500E+00,-25.583E-03
+11.956000E+00,-8.508E-03
+11.965500E+00,-15.211E-03
+11.975000E+00,-23.744E-03
+11.984500E+00,-23.744E-03
+11.994000E+00,-15.221E-03
+12.003500E+00,-23.744E-03
+12.013000E+00,-8.528E-03
+12.022500E+00,-3.643E-03
+12.032000E+00,-5.452E-03
+12.041500E+00,-28.638E-03
+12.051000E+00,-15.241E-03
+12.060500E+00,-5.442E-03
+12.070000E+00,-13.452E-03
+12.079500E+00,-23.744E-03
+12.089000E+00,-40.266E-03
+12.098500E+00,-8.558E-03
+12.108000E+00,-15.261E-03
+12.117500E+00,-25.523E-03
+12.127000E+00,-8.568E-03
+12.136500E+00,-3.643E-03
+12.146000E+00,-5.412E-03
+12.155500E+00,-23.744E-03
+12.165000E+00,-3.643E-03
+12.174500E+00,-42.085E-03
+12.184000E+00,-33.955E-03
+12.193500E+00,-23.744E-03
+12.203000E+00,-23.744E-03
+12.212500E+00,-23.744E-03
+12.222000E+00,-23.744E-03
+12.231500E+00,-23.744E-03
+12.241000E+00,-23.744E-03
+12.250500E+00,-3.643E-03
+12.260000E+00,-23.744E-03
+12.269500E+00,-8.618E-03
+12.279000E+00,-12.065E-03
+12.288500E+00,-42.126E-03
+12.298000E+00,-8.628E-03
+12.307500E+00,-3.643E-03
+12.317000E+00,-5.352E-03
+12.326500E+00,-18.749E-03
+12.336000E+00,-12.045E-03
+12.345500E+00,-23.744E-03
+12.355000E+00,-23.744E-03
+12.364500E+00,-23.744E-03
+12.374000E+00,-22.055E-03
+12.383500E+00,-13.673E-03
+12.393000E+00,-15.362E-03
